threshold,fn,fp,total_cost
0.05,5,55422,2278028651.31
0.060000000000000005,9,54741,2250975838.2300005
0.07,12,54042,2222952451.5600004
0.08000000000000002,20,53170,2188977240.6000004
0.09000000000000001,31,52204,2151833543.37
0.1,41,51195,2112692210.5500002
0.11000000000000001,55,50184,2074393068.5700002
0.12000000000000001,76,49103,2034835775.64
0.13,99,47953,1992905969.49
0.14,116,46837,1950986433.9600003
0.15000000000000002,136,45707,1909185010.5600002
0.16000000000000003,151,44632,1868487678.8100002
0.17000000000000004,175,43532,1828843085.6100001
0.18000000000000005,206,42472,1792459414.2600002
0.19,238,41327,1752814821.06
0.2,266,40218,1713724841.3400002
0.21000000000000002,293,39135,1675471917.15
0.22000000000000003,325,38057,1638579850.1100001
0.23000000000000004,366,36991,1604260573.38
0.24000000000000005,398,35918,1567573918.74
0.25000000000000006,431,34837,1530789693.2100003
0.26000000000000006,465,33823,1496989082.7900002
0.27,494,32810,1462074110.1000001
0.28,537,31856,1432818249.0300002
0.29000000000000004,592,30869,1404979733.5200002
0.30000000000000004,620,29955,1373900837.4
0.31000000000000005,664,28975,1343807920.8
0.32000000000000006,702,28096,1316477800.9800003
0.33,752,27205,1291427758.8000002
0.34,807,26364,1269587285.3700001
0.35000000000000003,851,25499,1244218853.97
0.36000000000000004,898,24656,1220447503.98
0.37000000000000005,944,23798,1195828827.8400002
0.38000000000000006,998,22984,1174866492.42
0.39000000000000007,1040,22182,1151624079.3600001
0.4000000000000001,1096,21389,1131986653.92
0.4100000000000001,1142,20588,1109709679.14
0.42000000000000004,1197,19845,1091895288.75
0.43000000000000005,1263,19110,1076951536.65
0.44000000000000006,1325,18363,1060590438.99
0.45000000000000007,1391,17645,1046345089.05
0.4600000000000001,1452,16954,1032053521.3200002
0.4700000000000001,1496,16309,1015723235.52
0.4800000000000001,1555,15629,1001421397.1700001
0.49000000000000005,1617,14927,986909011.1100001
0.5000000000000001,1675,14305,974758867.6500001
0.5100000000000001,1729,13686,961807615.8300002
0.5200000000000001,1781,13074,948681763.4700001
0.5300000000000001,1875,12494,946576286.3700001
0.5400000000000001,1945,11900,938349519.75
0.5500000000000002,2028,11330,934112889.0
0.5600000000000002,2090,10770,925434215.1
0.5700000000000002,2160,10201,918234510.48
0.5800000000000002,2230,9639,911322383.22
0.5900000000000002,2296,9112,904923786.96
0.6000000000000002,2369,8604,900923380.47
0.6100000000000001,2456,8062,898761414.96
0.6200000000000001,2533,7602,897657323.3100001
0.6300000000000001,2605,7140,895315621.95
0.6400000000000001,2678,6678,893205009.54
0.6500000000000001,2755,6233,892717155.09
0.6600000000000001,2849,5815,897267039.7500001
0.6700000000000002,2943,5361,900337955.1300001
0.6800000000000002,3035,4970,905534888.85
0.6900000000000002,3131,4571,911327518.5300001
0.7000000000000002,3211,4171,913381642.5300001
0.7100000000000002,3303,3761,917798009.13
0.7200000000000002,3391,3454,925521515.3700001
0.7300000000000002,3481,3114,932351477.6700001
0.7400000000000002,3598,2784,945831666.4200001
0.7500000000000002,3705,2496,958726429.83
0.7600000000000002,3802,2214,969556798.6200001
0.7700000000000002,3901,1930,980767180.35
0.7800000000000001,3986,1654,989070976.62
0.7900000000000001,4065,1425,997919115.75
0.8000000000000002,4171,1223,1014115883.49
0.8100000000000002,4274,1016,1029413971.98
0.8200000000000002,4353,829,1039987575.27
0.8300000000000002,4445,660,1054304819.55
0.8400000000000002,4520,506,1065309788.88
0.8500000000000002,4595,370,1077054242.85
0.8600000000000002,4674,256,1090626867.18
0.8700000000000002,4752,175,1105324124.4
0.8800000000000002,4809,111,1115866915.83
0.8900000000000002,4855,59,1124360718.57
0.9000000000000002,4899,34,1133501570.37
0.9100000000000003,4933,16,1140619110.0300002
0.9200000000000003,4953,4,1144747899.2700002
0.9300000000000002,4962,1,1146704452.38
0.9400000000000002,4964,0,1147125547.8
